{"cameraMode":{"drawMode":2,"name":"Shaded Wireframe","section":"Shading Mode"},"sceneLighting":false,"audioPlay":false,"sceneViewState":{"showFog":true,"showMaterialUpdate":false,"showSkybox":false,"showFlares":true,"showImageEffects":true,"showParticleSystems":true},"in2DMode":false,"pivot":{"x":-0.13017642498016358,"y":1.1064032316207886,"z":0.29428327083587649},"rotation":{"x":0.03829718753695488,"y":0.912507951259613,"z":-0.08787058293819428,"w":0.3976890742778778},"size":0.34330135583877566,"orthographic":false}